Workbook

Sheet Судовой состав МСС
A1: № п/п | B1: Тип | C1: Район | D1: Наименование судна | E1: Проект | F1: Год постройки | G1: Тип судна | H1: Класс | I1: ИМО | J1: Порт регистрации | K1: Нотация | L1: GRT | M1: кВт | N1: BP | O1: Район плавания | P1: Возраст судна | Q1: Длина | R1: Ширина | S1: Филиал
A2: 168 | B2: катер | D2: Camper 470 | E2: CAMPER RIB Atlantic series 470 | G2: RIB | H2: ГИМС | J2: Корсаков | K2: Маломерное | O2: Прибрежное | Q2: 4.7 | R2: 1.7 | S2: Сахалинский
A3: 169 | B3: катер | D3: RM540 | E3: RM 540 LTB | F3: 2022 | G3: RIB | H3: ГИМС | J3: Санкт-Петербург | K3: Маломерное | M3: 44.1 | O3: Прибрежное | P3: 4 | Q3: 5.4 | R3: 2.23 | S3: Балтийский
A4: 170 | B4: катер | D4: YAXE (РАА 96-39) | E4: HD 365 | F4: 2008 | G4: Надувная лодка | H4: ГИМС | J4: Архангельск | K4: Маломерное | M4: 4.4 | O4: Прибрежное | P4: 18 | Q4: 3.65 | R4: 1.75 | S4: Балтийский
A5: 162 | B5: катер | D5: АДМИРАЛ ADM-610-1 | E5: Адмирал 610 | F5: 2018 | G5: Моторное судно | H5: ГИМС | J5: Мурманск | K5: Маломерное | L5: 1.975 | M5: 55.15 | O5: Прибрежное | P5: 8 | Q5: 6.1 | R5: 2.2 | S5: Северный
A6: 163 | B6: катер | D6: АДМИРАЛ ADM-610-2 | E6: Адмирал 610 | F6: 2018 | G6: Моторное судно | H6: ГИМС | J6: Мурманск | K6: Маломерное | L6: 1.975 | M6: 55.15 | O6: Прибрежное | P6: 5 | Q6: 6.1 | R6: 2.2 | S6: Северный
A7: 171 | B7: катер | D7: Адмирал-1 | F7: 2022 | G7: Спасательный катер, бонопостановщик | H7: РМРС | J7: Мурманск | K7: Маломерное | M7: 36.8 | O7: Прибрежное | P7: 4 | Q7: 5 | R7: 2.2 | S7: Северный
A8: 172 | B8: катер | D8: Адмирал-2 | F8: 2022 | G8: Спасательный катер, бонопостановщик | H8: РМРС | J8: Мурманск | K8: Маломерное | M8: 36.8 | O8: Прибрежное | P8: 4 | Q8: 5 | R8: 2.2 | S8: Северный
A9: 173 | B9: катер | D9: Адмирал-3 | F9: 2023 | G9: Поисково-спасательные и буксирные операции в целях защиты и сохранения морской среды | H9: РМРС | J9: Мурманск | K9: Маломерное | M9: 29.4 | O9: Прибрежное | P9: 3 | Q9: 5 | R9: 2.2 | S9: Северный
A10: 174 | B10: катер | D10: Адмирал-4 | F10: 2023 | G10: Поисково-спасательные и буксирные операции в целях защиты и сохранения морской среды | H10: РМРС | J10: Мурманск | K10: Маломерное | M10: 29.4 | O10: Прибрежное | P10: 3 | Q10: 5 | R10: 2.2 | S10: Северный
A11: 155 | B11: скб | C11: БЕР | D11: Айруп | E11: 17MJ | F11: 2017 | G11: Патрульное | H11: РМРС | J11: Корсаков | K11: KM* [1] HSC | L11: 27 | M11: 1472 | O11: R3-RSN | P11: 9 | Q11: 18.2 | R11: 3.8 | S11: Камчатский
A12: 176 | B12: катер | D12: Аквамаран-1 | E12: Аквамаран | F12: 2018 | G12: RIB | H12: РМРС | J12: Новороссийск | K12: Маломерное | M12: 22.1 | O12: Прибрежное | P12: 8 | Q12: 3.8 | R12: 1.75 | S12: Азово-Черноморский
A13: 175 | B13: катер | D13: Аквамаран-1 | E13: Аквамаран 470 | F13: 2017 | G13: Поисково-спасательные и буксирные операции в целях защиты и сохранения морской среды | H13: РМРС | J13: Мурманск | K13: Маломерное | M13: 29.4 | O13: Прибрежное | P13: 9 | Q13: 4.7 | R13: 2.1 | S13: Северный
A14: 178 | B14: катер | D14: Аквамаран-2 | E14: Аквамаран | F14: 2018 | G14: RIB | H14: РМРС | J14: Новороссийск | K14: Маломерное | M14: 22.1 | O14: Прибрежное | P14: 8 | Q14: 3.8 | R14: 1.75 | S14: Азово-Черноморский
A15: 177 | B15: катер | D15: Аквамаран-2 | E15: Аквамаран 470 | F15: 2017 | G15: Поисково-спасательные и буксирные операции в целях защиты и сохранения морской среды | H15: РМРС | J15: Мурманск | K15: Маломерное | M15: 29.4 | O15: Прибрежное | P15: 9 | Q15: 4.7 | R15: 2.1 | S15: Северный
A16: 179 | B16: катер | D16: Аквамаран-3 | E16: Altair PRO ultra 460 | F16: 2022 | G16: моторная лодка | H16: ГИМС | K16: Маломерное | M16: 29.4 | O16: Прибрежное | P16: 4 | Q16: 4.6 | R16: 2.02 | S16: Северный
A17: 180 | B17: катер | D17: Аквамаран-4 | E17: Altair PRO ultra 460 | F17: 2022 | G17: моторная лодка | H17: ГИМС | K17: Маломерное | M17: 29.4 | O17: Прибрежное | P17: 4 | Q17: 4.6 | R17: 2.02 | S17: Северный
A18: 121 | B18: скб | C18: АЧ | D18: Александр Сизонцев | E18: А40-2Б-ЯР | F18: 2016 | G18: Бонопостановщик | H18: РМРС | J18: Новороссийск | K18: KM* Ice2 R3-RSN AUT3 oil recovery ship(>60°C) | L18: 56 | M18: 1176 | O18: R3 | P18: 10 | Q18: 19.83 | R18: 5 | S18: Азово-Черноморский
A19: 181 | B19: скб | C19: БАЛ | D19: Алиот | E19: HS-1500 | F19: 1989 | G19: Спасательное, бонопостановщик | H19: РМРС | J19: Санкт-Петербург | K19: Маломерное | M19: 524 | O19: МП, ВВП | P19: 37 | Q19: 14.75 | R19: 4 | S19: Балтийский
A20: 182 | B20: ск | C20: БАЛ | D20: Альтаир | E20: МРК-1000 | F20: 2019 | G20: Бонопостановщик, мусоросбощик | H20: РМРС | J20: Санкт-Петербург | K20: Маломерное | M20: 398 | O20: Прибрежное | P20: 7 | Q20: 11.4 | R20: 3.9 | S20: Балтийский
A21: 183 | B21: скб | C21: БАЛ | D21: Альфард | E21: HS-1500 | F21: 1989 | G21: Бонопостановщик | H21: РМРС | J21: Санкт-Петербург | K21: Маломерное | M21: 524 | O21: Прибрежное | P21: 37 | Q21: 14.75 | R21: 4 | S21: Балтийский
A22: 78 | B22: сб | C22: ЯП | D22: Амбер | E22: 31M T.S. TUG | F22: 2007 | G22: Буксир | H22: РМРС (сейчас RINA) | I22: 9431939 | J22: Владивосток | K22: KM*Tug | L22: 286 | M22: 2388 | N22: 42 | O22: Неограниченный | P22: 19 | Q22: 31 | R22: 9 | S22: Приморский
A23: 184 | B23: катер | D23: Амур-2 | E23: Амур | F23: 1987 | G23: Моторная лодка | H23: ГИМС | J23: Астрахань | K23: Маломерное | M23: 51.5 | O23: Прибрежное | P23: 39 | Q23: 6.1 | R23: 1.84 | S23: Каспийский
A24: 185 | B24: катер | D24: Амур-В | E24: Амур | F24: 1987 | G24: Моторная лодка | H24: ГИМС | J24: Астрахань | K24: Маломерное | M24: 51.5 | O24: Прибрежное | P24: 39 | Q24: 6.3 | R24: 1.84 | S24: Каспийский
A25: 131 | B25: скб | C25: БАР | D25: Анатолий Веретехин | E25: А40-2Б | F25: 2010 | G25: Бонопостановщик | H25: РМРС | J25: Новороссийск | K25: KM* Ice2 R3 AUT3 oil recovery ship(>60°C) | L25: 46 | M25: 882 | O25: R3 | P25: 16 | Q25: 19.9 | R25: 4.7 | S25: Северный
A26: 132 | B26: скб | C26: АЧ | D26: Анатолий Ткачев | E26: А40-2Б | F26: 2010 | G26: Бонопостановщик | H26: РМРС | J26: Новороссийск | K26: KM* Ice2 R3-RSN AUT3 oil recovery ship(>60°C) | L26: 46 | M26: 882 | O26: R3 | P26: 16 | Q26: 19.9 | R26: 4.7 | S26: Азово-Черноморский
A27: 186 | B27: сквп | C27: КАСП | D27: Арго | E27: 110 | F27: 2005 | G27: Катер | H27: РМРС | J27: Астрахань | K27: Маломерное | M27: 117.68 | O27: Прибрежное | P27: 21 | Q27: 8.74 | R27: 3.8 | S27: Каспийский
A28: 188 | B28: скб | C28: БАЛ | D28: Арнеб | E28: HS1500 | F28: 1989 | G28: Бонопостановщик | H28: РМРС | J28: Санкт-Петербург | K28: Маломерное | M28: 524 | O28: Прибрежное | P28: 37 | Q28: 14.75 | R28: 4 | S28: Балтийский
A29: 1 | B29: мфасс | C29: БАЛ | D29: Артемис Оффшор | E29: YX3205 | F29: 2018 | G29: Судно специального назначения | H29: РКО (Конв) | I29: 9747194 | J29: Владивосток | K29: IСЕ1 (НULL;МАСНINЕRY) АUТ1 FF1WS DYNРОS-2 ВWМ (Е-S) НЕLIDЕСК RР-2 DG IWS SРЕСIАL РURРОSЕ SНIР/SUРРLY VЕSSЕL(ОS) | L29: 4930 | M29: 4420 | O29: Неограниченный | P29: 8 | Q29: 77.94 | R29: 22 | S29: Приморский
A30: 187 | B30: ск | C30: КАСП | D30: Артик | E30: Artic-1200 | F30: 2018 | G30: RIB | H30: РМРС | J30: Астрахань | K30: Маломерное | M30: 397 | O30: Прибрежное | P30: 8 | Q30: 11.7 | R30: 4.1 | S30: Каспийский
A31: 138 | B31: сб | C31: БАЛ | D31: АСПТР-5 | E31: Р-100 | F31: 1967 | G31: морской буксир прибрежного плавания | H31: РМРС | J31: Архангельск | K31: Маломерное | L31: 45 | M31: 220 | O31: Прибрежное | P31: 59 | Q31: 19.1 | R31: 6 | S31: Балтийский
A32: 189 | B32: баржа | D32: АСПТР-7 | E32: 02280 | F32: 1981 | G32: несамоходный плашкоут | H32: РКО | J32: Архангельск | K32: Маломерное | O32: Прибрежное | P32: 45 | Q32: 17.92 | R32: 3.96 | S32: Балтийский
A33: 146 | B33: сб | C33: БАЛ | D33: Б-104 | E33: 1439 | F33: 1985 | G33: Буксирный теплоход | H33: РКО | J33: Санкт-Петербург | K33: О мс2,0 | L33: 35.3 | M33: 110 | O33: О | P33: 41 | Q33: 17.37 | R33: 4 | S33: Балтийский
A34: 88 | B34: сб | C34: БАЛ | D34: Б-1214 | E34: Р33Б | F34: 1985 | G34: Буксирный теплоход | H34: РКО | J34: Санкт-Петербург | K34: О2,0 (лед10) | L34: 217 | M34: 450 | O34: О | P34: 41 | Q34: 34.35 | R34: 8 | S34: Балтийский
A35: 153 | B35: сб | C35: БАЛ | D35: Б-123 | E35: 1437 | F35: 1975 | G35: Буксирный теплоход | H35: РКО | J35: Санкт-Петербург | K35: О мс2,0 (лед15) | L35: 31 | M35: 165 | O35: О | P35: 51 | Q35: 13.6 | R35: 4.17 | S35: Балтийский
A36: 147 | B36: сб | C36: АЧ | D36: Б-245 | E36: 1439 | F36: 1984 | G36: Буксир | H36: РКО | J36: Ростов-на-Дону | K36: О мс2,0 | L36: 35 | M36: 110 | O36: О | P36: 42 | Q36: 17.37 | R36: 3.8 | S36: Азово-Черноморский
A37: 190 | B37: сб | D37: Б-407 | E37: БМК-130М | F37: 1988 | G37: Буксирно-моторный катер | H37: РКО | J37: Москва | K37: Р мс 1,2 | M37: 73.5 | O37: Р | P37: 38 | Q37: 7.85 | R37: 2.1 | S37: Тверской
A38: 95 | B38: сб | D38: Б-505 | E38: 911В | F38: 1972 | G38: Буксир-толкач | H38: РКО | J38: Москва | K38: Р1,2А | L38: 153 | M38: 220 | O38: Р | P38: 54 | Q38: 27.4 | R38: 6.6 | S38: Тверской
A39: 96 | B39: сб | C39: АЧ | D39: Б-507 | E39: Р-103А | F39: 1981 | G39: Буксир | H39: РКО | J39: Ростов-на-Дону | K39: О2,0(ЛЕД20) | L39: 135.6 | M39: 220 | O39: О | P39: 45 | Q39: 20 | R39: 6.6 | S39: Азово-Черноморский
A40: 91 | B40: сб | D40: Б-508 | E40: Р 14 | F40: 1971 | G40: Буксир-толкач | H40: РКО | J40: Москва | K40: Р1,2 (лед20) | L40: 162 | M40: 332 | O40: Р | P40: 55 | Q40: 28.4 | R40: 6.6 | S40: Тверской
A41: 154 | B41: мвс | C41: ВОЛГ | D41: Б-706 | E41: 522 | F41: 1954 | G41: Буксирный теплоход | H41: РКО | J41: Волгоград | K41: Р мс 1,2 | L41: 27.5 | M41: 110 | O41: Р | P41: 72 | Q41: 17 | R41: 3.84 | S41: Каспийский
A42: 157 | B42: сб | C42: АЧ | D42: Байкал | E42: Р-103А | F42: 1988 | G42: Буксирный теплоход | H42: РКО | J42: Ростов-на-Дону | K42: О2,0 (лед20) | L42: 24.8 | M42: 110 | O42: О | P42: 38 | Q42: 14 | R42: 3.8 | S42: Каспийский
A43: 27 | B43: нис | D43: Балтийский Исследователь | E43: ASL-H924 | F43: 2013 | G43: Судно обеспечения (ПБУ) | H43: РМРС (Конв) | I43: 9572020 | J43: Архангельск | K43: KM* DYNPOS-2 supply vessel (OS) | L43: 2503 | M43: 3676 | N43: н/п | O43: Неограниченный | P43: 13 | Q43: 65.5 | R43: 16 | S43: Балтийский
A44: 7 | B44: мфасс | C44: ОМ | D44: Балтика | E44: Р-70202 | F44: 2015 | G44: Спасательное | H44: РМРС (Конв) | I44: 9649237 | J44: Санкт-Петербург | K44: KM* Icebreaker6 [1] AUT1-ICS OMBO FF3WS EPP DYNPOS-1 ECO-S HELIDECK oil recovery ship(>60°C)/salvage ship/tug | L44: 3808 | M44: 9180 | N44: 87.7 | O44: Неограниченный | P44: 11 | Q44: 76.4 | R44: 20.5 | S44: Балтийский
A45: 191 | B45: ск | D45: Барс | E45: Hitek-85C | F45: 2013 | G45: RIB | H45: РМРС | J45: Астрахань | K45: Маломерное | M45: 191.24 | O45: Прибрежное | P45: 13 | Q45: 8.58 | R45: 2.65 | S45: Каспийский
A46: 12 | B46: мфасс | C46: ОМ | D46: Бахтемир | E46: MPSV12 | F46: 2019 | G46: Спасательное | H46: РМРС (Конв) | I46: 9797577 | J46: Санкт-Петербург | K46: KM* Arc5 [1] AUT1 FF2WS DYNPOS-2 salvage ship | L46: 3030 | M46: 5220 | N46: 49.4 | O46: Неограниченный | P46: 7 | Q46: 79.85 | R46: 16.8 | S46: Сахалинский
A47: 13 | B47: мфасс | C47: КАСП | D47: Бейсуг | E47: MPSV12 | F47: 2021 | G47: Спасательное | H47: РМРС (Конв) | I47: 9797591 | J47: Новороссийск | K47: KM* Arc5 [1] AUT1 FF2WS DYNPOS-2 salvage ship | L47: 3030 | M47: 5220 | N47: 47.83 | O47: Неограниченный | P47: 5 | Q47: 79.6 | R47: 16.8 | S47: Азово-Черноморский
A48: 3 | B48: мфасс | C48: ОМ | D48: Берингов пролив | E48: MPSV06M | F48: 2015 | G48: Спасательное | H48: РМРС (Конв) | I48: 9682411 | J48: Корсаков | K48: KM* Icebreaker6 [2] AUT1-ICS OMBO FF2WS DYNPOS-2 EPP SDS<60 HELIDECK salvage ship/tug/oil recovery ship(>60°C) | L48: 4766 | M48: 12000 | N48: 88 | O48: Неограниченный | P48: 11 | Q48: 86.97 | R48: 18.38 | S48: Сахалинский
A49: 36 | B49: баржа | D49: БМС-001 | E49: 7514 | F49: 2019 | G49: Баржа | H49: РМРС | J49: Астрахань | K49: K* R2-RSN pontoon | L49: 1001 | O49: R2-RSN | P49: 7 | Q49: 75 | R49: 13.46 | S49: Каспийский
A50: 37 | B50: баржа | D50: БМС-002 | E50: 7514 | F50: 2019 | G50: Баржа | H50: РМРС | J50: Астрахань | K50: K* R2-RSN pontoon | L50: 1001 | O50: R2-RSN | P50: 7 | Q50: 75 | R50: 13.46 | S50: Каспийский
A51: 192 | B51: катер | D51: Борей | E51: Сибирь 525 | F51: 2022 | G51: Моторное судно | H51: ГИМС | J51: Астрахань | K51: Маломерное | M51: 104.4 | O51: Прибрежное | P51: 4 | Q51: 5.25 | R51: 2.08 | S51: Каспийский
A52: 41 | B52: баржа | D52: БП-2 | E52: 81109 | F52: 1989 | G52: Баржа-площадка | H52: РКО | J52: Волгоград | K52: О2,0 (лед20) | L52: 666.43 | O52: О | P52: 37 | Q52: 71.7 | R52: 14.2 | S52: Каспийский
A53: 28 | B53: баржа | D53: БПБ-001 | E53: 81ПК | F53: 2019 | G53: Баржа-площадка | H53: РКО | J53: Москва | K53: М3,0(лед20) | L53: 1925 | O53: R2 | P53: 7 | Q53: 103.2 | R53: 16.2 | S53: Тверской
A54: 90 | B54: брандвахта | D54: БР-203 | E54: 2220 | F54: 1971 | G54: Брандвахта | H54: РКО | J54: Азов | K54: О2,0 I | L54: 194 | O54: О | P54: 55 | Q54: 25.6 | R54: 7.9 | S54: Азово-Черноморский
A55: 193 | B55: катер | D55: Бриз | E55: Фантом-650 | F55: 2020 | G55: Аэролодка | H55: РМРС | J55: Астрахань | K55: Маломерное | M55: 213.3 | O55: Прибрежное | P55: 6 | Q55: 7.1 | R55: 2.5 | S55: Каспийский
A56: 48 | B56: баржа | D56: БС-220 | E56: 81218 | F56: 1987 | G56: Баржа-площадка | H56: РКО | J56: Ростов-на-Дону | K56: Р1,2 | L56: 459.4 | O56: Р | P56: 39 | Q56: 58 | R56: 13.3 | S56: Азово-Черноморский
A57: 108 | B57: баржа | D57: БС-320 | E57: 81212 | F57: 1988 | G57: Баржа-площадка | H57: РКО | J57: Москва | K57: Р1,2 | L57: 113 | O57: Р | P57: 38 | Q57: 38.3 | R57: 8.22 | S57: Тверской
A58: 67 | B58: баржа | D58: БС-510 | E58: Р-92 | F58: 1986 | G58: Баржа-площадка | H58: РКО | J58: Ростов-на-Дону | K58: Р1,2 | L58: 325 | O58: Р | P58: 40 | Q58: 45.1 | R58: 12 | S58: Азово-Черноморский
A59: 46 | B59: баржа | D59: БС-512 | E59: 81218 | F59: 1990 | G59: Баржа-площадка | H59: РКО | J59: Москва | K59: Р1,2 | L59: 470 | O59: Р | P59: 36 | Q59: 59.5 | R59: 13.4 | S59: Тверской
A60: 49 | B60: баржа | D60: БС-513 | E60: 81218 | F60: 1990 | G60: Баржа-площадка | H60: РКО | J60: Москва | K60: Р1,2 | L60: 459 | O60: Р | P60: 36 | Q60: 58.32 | R60: 13.34 | S60: Тверской
A61: 59 | B61: баржа | D61: БС-717 | E61: 943 | F61: 1985 | G61: Баржа-площадка | H61: РКО | J61: Ростов-на-Дону | K61: Р1,2 | L61: 424 | O61: Р | P61: 41 | Q61: 58.35 | R61: 12.05 | S61: Азово-Черноморский
A62: 68 | B62: баржа | D62: БС-718 | E62: 81218 | F62: 1987 | G62: Баржа-площадка | H62: РКО | J62: Волгоград | K62: Р1,2 | L62: 317.01 | O62: Р | P62: 39 | Q62: 58.32 | R62: 13.26 | S62: Каспийский
A63: 107 | B63: баржа | D63: БС-928 | E63: 81212 | F63: 1991 | G63: Баржа-площадка | H63: РКО | J63: Хабаровск | K63: Р1,2 | L63: 113.6 | O63: Р | P63: 35 | Q63: 38.34 | R63: 8.22 | S63: Приморский
A64: 194 | B64: сбп | C64: ВОЛГ | D64: БТ-566 | E64: 1606 | F64: 1979 | G64: Буксирный теплоход | H64: РКО | J64: Нижний Новгород | K64: О мс1,5 | M64: 110 | O64: О | P64: 47 | Q64: 17.3 | R64: 3.7 | S64: Каспийский
A65: 86 | B65: сб | C65: БАЛ | D65: Буран | E65: 134Д | F65: 1983 | G65: Буксир | H65: РМРС | I65: 8227111 | J65: Санкт-Петербург | K65: KM* UL R2 AUT2 tug | L65: 228 | M65: 1854 | N65: 30 | O65: R2 | P65: 43 | Q65: 35.23 | R65: 9.01 | S65: Балтийский
A66: 195 | B66: катер | D66: Буревестник-430 | E66: RIB 430 | F66: 2004 | G66: RIB | H66: ГИМС | J66: Санкт-Петербург | K66: Маломерное | M66: 29.4 | O66: МП ВВП ВП | P66: 22 | Q66: 4.3 | R66: 2.1 | S66: Балтийский
A67: 196 | B67: ск | C67: БАЛ | D67: Быстрый | E67: Artic-1200 | F67: 2016 | G67: RIB | H67: РМРС | J67: Санкт-Петербург | K67: Маломерное | M67: 442 | O67: Прибрежное | P67: 10 | Q67: 11.7 | R67: 4.1 | S67: Балтийский
A68: 58 | B68: сб | C68: ЯП | D68: Бэй | E68: 34m T.S. TUG | F68: 2003 | G68: Буксир | H68: РМРС (сейчас RINA) | I68: 9309693 | J68: Владивосток | K68: C* | L68: 427 | M68: 2080 | N68: 28.9 | O68: Неограниченный | P68: 23 | Q68: 33.7 | R68: 10.6 | S68: Приморский
A69: 149 | B69: рвк | C69: АЧ | D69: В-221 | E69: РВМ-376 | F69: 1990 | G69: Водолазный бот | H69: РКО | J69: Ростов-на-Дону | K69: О2,0 | L69: 33 | M69: 110 | O69: О | P69: 36 | Q69: 21 | R69: 3.98 | S69: Азово-Черноморский
A70: 150 | B70: рвк | C70: ВОЛГ | D70: В-710 | E70: РВН-376У | F70: 1961 | G70: Водолазный бот | H70: РКО | J70: Волгоград | K70: О2,0 | L70: 32.5 | M70: 110 | O70: О | P70: 65 | Q70: 21 | R70: 3.98 | S70: Каспийский
A71: 151 | B71: рвк | C71: ВОЛГ | D71: В-719 | E71: РВН-376У | F71: 1979 | G71: Водолазный бот | H71: РКО | J71: Волгоград | K71: О2,0 | L71: 32.5 | M71: 110 | O71: О | P71: 47 | Q71: 21 | R71: 3.98 | S71: Каспийский
A72: 139 | B72: рвк | C72: АЧ | D72: Валентин Подгорный | E72: 1415 | F72: 1992 | G72: Теплоход для водолазных работ | H72: РКО | J72: Новороссийск | K72: М-СП3,5 | L72: 42 | M72: 220 | O72: R3 | P72: 34 | Q72: 20.04 | R72: 3.93 | S72: Азово-Черноморский
A73: 133 | B73: скб | C73: АЧ | D73: Валерий Барский | E73: А40-2Б | F73: 2011 | G73: Бонопостановщик | H73: РМРС | J73: Новороссийск | K73: KM* Ice2 R3-RSN AUT3 oil recovery ship(>60°C) | L73: 46 | M73: 882 | O73: R3 | P73: 15 | Q73: 19.9 | R73: 4.7 | S73: Азово-Черноморский
A74: 40 | B74: нис | D74: Виктор Буйницкий | E74: 655 | F74: 1986 | G74: Исследовательское | H74: РМРС | I74: 8422448 | J74: Мурманск | K74: KM* L1 [1] AUT2 special purpose ship | L74: 693 | M74: 985 | O74: Неограниченный | P74: 40 | Q74: 49.9 | R74: 10 | S74: Северный
A75: 134 | B75: скб | C75: БАР | D75: Виктор Петров | E75: А40-2Б | F75: 2010 | G75: Бонопостановщик | H75: РМРС | J75: Мурманск | K75: KM* Ice2 R3 AUT3 oil recovery ship(>60°C) | L75: 46 | M75: 882 | O75: R3 | P75: 16 | Q75: 19.9 | R75: 4.7 | S75: Северный
A76: 92 | B76: рвк | C76: БАЛ | D76: Водолаз Грицай | E76: А160 | F76: 2013 | G76: Водолазное | H76: РМРС | J76: Калининград | K76: KM* Ice2 R3-RSN AUT3 SDS<60 | L76: 162 | M76: 882 | O76: R3 | P76: 13 | Q76: 28.55 | R76: 5.56 | S76: Калининградский
A77: 98 | B77: рвк | C77: КАСП | D77: Водолаз Денисов | E77: А160 | F77: 2010 | G77: Водолазное | H77: РМРС | J77: Астрахань | K77: KM* Ice2 R3-RSN AUT3 SDS<60 | L77: 120 | M77: 882 | O77: R3 | P77: 16 | Q77: 27.2 | R77: 5.6 | S77: Каспийский
A78: 99 | B78: рвк | C78: ОМ | D78: Водолаз Зубченко | E78: А160 | F78: 2013 | G78: Водолазное | H78: РМРС | J78: Корсаков | K78: KM* Ice2 R3-RSN AUT3 SDS<60 | L78: 120 | M78: 882 | O78: R3 | P78: 13 | Q78: 28.55 | R78: 5.56 | S78: Сахалинский
A79: 100 | B79: рвк | C79: ОМ | D79: Водолаз Зюляев | E79: А160 | F79: 2013 | G79: Водолазное | H79: РМРС | J79: Корсаков | K79: KM* Ice2 R3-RSN AUT3 SDS<60 | L79: 120 | M79: 882 | O79: R3 | P79: 13 | Q79: 28.55 | R79: 5.56 | S79: Сахалинский
A80: 97 | B80: рвк | C80: АЧ | D80: Водолаз Кузьминых | E80: А160-ЯР | F80: 2018 | G80: Водолазное | H80: РМРС | J80: Новороссийск | K80: KM* Ice2 R3-RSN AUT3 SDS<60 Diving dhip | L80: 121 | M80: 882 | O80: R3 | P80: 8 | Q80: 28.09 | R80: 5.6 | S80: Азово-Черноморский
A81: 101 | B81: рвк | C81: БАЛ | D81: Водолаз Литвин | E81: А160 | F81: 2010 | G81: Водолазное | H81: РМРС | J81: Санкт-Петербург | K81: KM* Ice2 R3-RSN AUT3 SDS<60 | L81: 120 | M81: 882 | O81: R3 | P81: 16 | Q81: 27.2 | R81: 5.6 | S81: Балтийский
A82: 102 | B82: рвк | C82: АЧ | D82: Водолаз Малеев | E82: А160 | F82: 2012 | G82: Водолазное | H82: РМРС | J82: Новороссийск | K82: KM* Ice2 R3-RSN AUT3 | L82: 120 | M82: 882 | O82: R3 | P82: 14 | Q82: 28.55 | R82: 5.56 | S82: Азово-Черноморский
A83: 103 | B83: рвк | C83: БАР | D83: Водолаз Печкуров | E83: А160 | F83: 2010 | G83: Водолазное | H83: РМРС | J83: Мурманск | K83: KM* Ice2 R3 AUT3 SDS<60 | L83: 120 | M83: 882 | O83: R3 | P83: 16 | Q83: 27.2 | R83: 5.6 | S83: Северный
A84: 104 | B84: рвк | C84: БАР | D84: Водолаз Сазонов | E84: А160 | F84: 2012 | G84: Водолазное | H84: РМРС | J84: Архангельск | K84: KM* Ice2 R3 AUT3 SDS<60 | L84: 120 | M84: 882 | O84: R3 | P84: 14 | Q84: 28.55 | R84: 5.56 | S84: Северный
A85: 105 | B85: рвк | C85: ЯП | D85: Водолаз Сташков | E85: А160 | F85: 2011 | G85: Водолазное | H85: РМРС | J85: Владивосток | K85: KM* Ice2 R3-RSN AUT3 SDS<60 | L85: 120 | M85: 882 | O85: R3 | P85: 15 | Q85: 28.55 | R85: 5.56 | S85: Приморский
A86: 106 | B86: рвк | C86: БАЛ | D86: Водолаз Чебаненко | E86: А160 | F86: 2010 | G86: Водолазное | H86: РМРС | J86: Санкт-Петербург | K86: KM* Ice2 R3-RSN AUT3 SDS<60 | L86: 120 | M86: 882 | O86: R3 | P86: 16 | Q86: 27.2 | R86: 5.6 | S86: Балтийский
A87: 113 | B87: мвс | C87: АЧ | D87: Водолаз-14 | E87: 522 | F87: 1960 | G87: Водолазное | H87: РМРС | J87: Новороссийск | K87: KM* R3 | L87: 88.3 | M87: 330 | O87: R3 | P87: 66 | Q87: 28.58 | R87: 5.2 | S87: Азово-Черноморский
A88: 158 | B88: рвк | C88: АЧ | D88: Водолаз-31 | E88: РВМ-376 | F88: 1984 | G88: Водолазное | H88: РМРС | J88: Новороссийск | K88: KM* R3 | L88: 21 | M88: 110 | O88: R3 | P88: 42 | Q88: 21 | R88: 3.8 | S88: Азово-Черноморский
A89: 159 | B89: рвк | C89: АЧ | D89: Водолаз-32 | E89: РВМ-376 | F89: 1986 | G89: Водолазное | H89: РМРС | J89: Новороссийск | K89: KM* R3 | L89: 21 | M89: 110 | O89: R3 | P89: 40 | Q89: 21 | R89: 3.8 | S89: Азово-Черноморский
A90: 2 | B90: мфасс | C90: БАЛ | D90: Воевода | E90: 23700 | F90: 2025 | G90: Судно специального назначения | H90: РМРС (Конв) | I90: 1025978 | J90: Санкт-Петербург | K90: KM* Ice1 [1] AUT1 SDS<60 HELIDECK-H special purpose ship | L90: 10253 | M90: 21840 | O90: Неограниченный | P90: 1 | Q90: 111.5 | R90: 24 | S90: Балтийский
A91: 148 | B91: рвк | C91: КАСП | D91: Волна | E91: РБ1415 | F91: 1992 | G91: Водолазное | H91: РМРС | J91: Астрахань | K91: KM* [1] R3 | L91: 35 | M91: 220 | O91: R3 | P91: 34 | Q91: 21.2 | R91: 3.92 | S91: Каспийский
A92: 152 | B92: рвк | C92: КАСП | D92: ВРД-1025 | E92: РВН-376ГБ | F92: 1981 | G92: Разъездной теплоход | H92: РКО | J92: Астрахань | K92: О2,0 | L92: 32.5 | M92: 110 | O92: О | P92: 45 | Q92: 21 | R92: 3.98 | S92: Каспийский
A93: 140 | B93: рвк | C93: БАЛ | D93: ВРД-1170 | E93: РВМ-376 | F93: 1984 | G93: Водолазный теплоход | H93: РКО | J93: Калининград | K93: Р1,2 | L93: 39.8 | M93: 110 | O93: Р | P93: 42 | Q93: 21 | R93: 3.98 | S93: Калининградский
A94: 141 | B94: рвк | C94: БАЛ | D94: ВРД-1505 | E94: РВМ-376 | F94: 1992 | G94: Самоходное, водолазный теплоход | H94: РКО | J94: Калининград | K94: Р1,2 | L94: 39.8 | M94: 110 | O94: Р | P94: 34 | Q94: 21 | R94: 3.98 | S94: Калининградский
A95: 87 | B95: сб | C95: БАЛ | D95: Выборг | E95: 8059.1 | F95: 1970 | G95: Буксир | H95: РМРС | I95: 7042100 | J95: Архангельск | K95: KM* Ice2 R2 Tug | L95: 226 | M95: 640 | N95: 8.25 | O95: R2 | P95: 56 | Q95: 34.75 | R95: 8.2 | S95: Балтийский
A96: 135 | B96: скб | C96: БАЛ | D96: Геннадий Кожухов | E96: А40-2Б | F96: 2010 | G96: Бонопостановщик | H96: РМРС | J96: Калининград | K96: KM* Ice2 R3-RSN AUT3 oil recovery ship(>60°C) | L96: 46 | M96: 882 | O96: R3 | P96: 16 | Q96: 19.9 | R96: 4.7 | S96: Калининградский
A97: 197 | B97: катер | D97: Гера | E97: SN0316A | F97: 1984 | G97: Мотобот | H97: ГИМС | J97: Корсаков | K97: Маломерное | M97: 29.4 | O97: Прибрежное | P97: 42 | Q97: 12.25 | R97: 4 | S97: Сахалинский
A98: 82 | B98: нсс | C98: АЧ | D98: Григорий Каштаков | E98: НМС | F98: 2021 | G98: Самоходное нефтесборное судно | H98: РКО | I98: 9912098 | J98: Новороссийск | K98: KM* R3 Oil recovery ship(>60°C) | L98: 276 | M98: 596 | O98: R3 | P98: 5 | Q98: 34.5 | R98: 11 | S98: Азово-Черноморский
A99: 118 | B99: сб | C99: БЕР | D99: Гроза | E99: 1496 | F99: 1975 | G99: Буксир | H99: РМРС | J99: Петропавловск-Камчатский | K99: KM* L3 R1 Tug | L99: 72 | M99: 232 | O99: R1 | P99: 51 | Q99: 23.4 | R99: 5.7 | S99: Камчатский
A100: 112 | B100: сб | C100: АЧ | D100: Дерзкий | E100: В820-DZ | F100: 1988 | G100: Буксир | H100: РМРС | J100: Новороссийск | K100: KM* L3 R3 tug | L100: 91 | M100: 596 | O100: R3 | P100: 38 | Q100: 20.45 | R100: 6 | S100: Азово-Черноморский
...

Sheet Лист1
A1: Район | B1: ВСЕГО | D1: Многофункциональное аварийно-спасательное судно | G1: Спасательные буксирные и нефтесборные суда | L1: Спасательный катер-бонопостановщик или катер-бонопостановщик/ нефтесборщик
D2: Стандарт | E2: Факт | F2: Откл. | G2: Стандарт | H2: ТБС+ АСС | I2: НСС | J2: Всего | K2: Откл. | L2: Стандарт | M2: Факт | N2: Откл.
A3: Западный район Арктического бассейна | B3: =E3+J3+M3 -> #REF! | D3: 12 | E3: =COUNTIFS('Судовой состав МСС'!C2:C274,"БАР",'Судовой состав МСС'!#REF!,"мфасс") -> #REF! | F3: =E3-D3 -> #REF! | G3: 10 | H3: =COUNTIFS('Судовой состав МСС'!C$2:C$274,"БАР",'Судовой состав МСС'!#REF!,"сб") -> #REF! | I3: =COUNTIFS('Судовой состав МСС'!C2:C274,"БАР",'Судовой состав МСС'!#REF!,"нсс") -> #REF! | J3: =H3+I3 -> #REF! | K3: =J3-G3 -> #REF! | L3: 10 | M3: =COUNTIFS('Судовой состав МСС'!C2:C274,"БАР",'Судовой состав МСС'!#REF!,"скб") -> #REF! | N3: =M3-L3 -> #REF!
A4: Восточный район Арктического бассейна | B4: =E4+J4+M4 -> #REF! | D4: 6 | E4: =COUNTIFS('Судовой состав МСС'!C2:C274,"ЧУК",'Судовой состав МСС'!#REF!,"мфасс") -> #REF! | F4: =E4-D4 -> #REF! | G4: 8 | H4: =COUNTIFS('Судовой состав МСС'!C2:C274,"ЧУК",'Судовой состав МСС'!#REF!,"сб") -> #REF! | I4: =COUNTIFS('Судовой состав МСС'!C2:C274,"ЧУК",'Судовой состав МСС'!#REF!,"нсс") -> #REF! | J4: =H4+I4 -> #REF! | K4: =J4-G4 -> #REF! | L4: 8 | M4: =COUNTIFS('Судовой состав МСС'!C2:C274,"ЧУК",'Судовой состав МСС'!#REF!,"скб") -> #REF! | N4: =M4-L4 -> #REF!
A5: Берингово море | B5: =E5+J5+M5 -> #REF! | D5: 3 | E5: =COUNTIFS('Судовой состав МСС'!C2:C274,"БЕР",'Судовой состав МСС'!#REF!,"мфасс") -> #REF! | F5: =E5-D5 -> #REF! | G5: 8 | H5: =COUNTIFS('Судовой состав МСС'!C2:C274,"БЕР",'Судовой состав МСС'!#REF!,"сб") -> #REF! | I5: =COUNTIFS('Судовой состав МСС'!C2:C274,"БЕР",'Судовой состав МСС'!#REF!,"нсс") -> #REF! | J5: =H5+I5 -> #REF! | K5: =J5-G5 -> #REF! | L5: 8 | M5: =COUNTIFS('Судовой состав МСС'!C2:C274,"БЕР",'Судовой состав МСС'!#REF!,"скб") -> #REF! | N5: =M5-L5 -> #REF!
A6: Охотское море и Тататрский пролив | B6: =E6+J6+M6 -> #REF! | D6: 9 | E6: =COUNTIFS('Судовой состав МСС'!C2:C274,"ОМ",'Судовой состав МСС'!#REF!,"мфасс") -> #REF! | F6: =E6-D6 -> #REF! | G6: 6 | H6: =COUNTIFS('Судовой состав МСС'!C2:C274,"ОМ",'Судовой состав МСС'!#REF!,"сб") -> #REF! | I6: =COUNTIFS('Судовой состав МСС'!C2:C274,"ОМ",'Судовой состав МСС'!#REF!,"нсс") -> #REF! | J6: =H6+I6 -> #REF! | K6: =J6-G6 -> #REF! | L6: 7 | M6: =COUNTIFS('Судовой состав МСС'!C2:C274,"ОМ",'Судовой состав МСС'!#REF!,"скб") -> #REF! | N6: =M6-L6 -> #REF!
A7: Японское море | B7: =E7+J7+M7 -> #REF! | D7: 3 | E7: =COUNTIFS('Судовой состав МСС'!C2:C274,"ЯП",'Судовой состав МСС'!#REF!,"мфасс") -> #REF! | F7: =E7-D7 -> #REF! | G7: 8 | H7: =COUNTIFS('Судовой состав МСС'!C2:C274,"ЯП",'Судовой состав МСС'!#REF!,"сб") -> #REF! | I7: =COUNTIFS('Судовой состав МСС'!C2:C274,"ЯП",'Судовой состав МСС'!#REF!,"нсс") -> #REF! | J7: =H7+I7 -> #REF! | K7: =J7-G7 -> #REF! | L7: 8 | M7: =COUNTIFS('Судовой состав МСС'!C2:C274,"ЯП",'Судовой состав МСС'!#REF!,"скб") -> #REF! | N7: =M7-L7 -> #REF!
A8: Каспийское море | B8: =E8+J8+M8 -> #REF! | D8: 0 | E8: =COUNTIFS('Судовой состав МСС'!C2:C274,"КАСП",'Судовой состав МСС'!#REF!,"мфасс") -> #REF! | F8: =E8-D8 -> #REF! | G8: 4 | H8: =COUNTIFS('Судовой состав МСС'!C2:C274,"КАСП",'Судовой состав МСС'!#REF!,"сб") -> #REF! | I8: =COUNTIFS('Судовой состав МСС'!C2:C274,"КАСП",'Судовой состав МСС'!#REF!,"нсс") -> #REF! | J8: =H8+I8 -> #REF! | K8: =J8-G8 -> #REF! | L8: 4 | M8: =COUNTIFS('Судовой состав МСС'!C2:C274,"КАСП",'Судовой состав МСС'!#REF!,"скб") -> #REF! | N8: =M8-L8 -> #REF!
A9: Черноморско-Азовский бассейн | B9: =E9+J9+M9 -> #REF! | D9: 12 | E9: =COUNTIFS('Судовой состав МСС'!C2:C274,"АЧ",'Судовой состав МСС'!#REF!,"мфасс") -> #REF! | F9: =E9-D9 -> #REF! | G9: 12 | H9: =COUNTIFS('Судовой состав МСС'!C2:C274,"АЧ",'Судовой состав МСС'!#REF!,"сб") -> #REF! | I9: =COUNTIFS('Судовой состав МСС'!C2:C274,"АЧ",'Судовой состав МСС'!#REF!,"нсс") -> #REF! | J9: =H9+I9 -> #REF! | K9: =J9-G9 -> #REF! | L9: 12 | M9: =COUNTIFS('Судовой состав МСС'!C2:C274,"АЧ",'Судовой состав МСС'!#REF!,"скб") -> #REF! | N9: =M9-L9 -> #REF!
A10: Балтийское море | B10: =E10+J10+M10 -> #REF! | D10: 6 | E10: =COUNTIFS('Судовой состав МСС'!C2:C274,"БАЛ",'Судовой состав МСС'!#REF!,"мфасс") -> #REF! | F10: =E10-D10 -> #REF! | G10: 10 | H10: =COUNTIFS('Судовой состав МСС'!C2:C274,"БАЛ",'Судовой состав МСС'!#REF!,"сб") -> #REF! | I10: =COUNTIFS('Судовой состав МСС'!C2:C274,"БАЛ",'Судовой состав МСС'!#REF!,"нсс") -> #REF! | J10: =H10+I10 -> #REF! | K10: =J10-G10 -> #REF! | L10: 10 | M10: =COUNTIFS('Судовой состав МСС'!C2:C274,"БАЛ",'Судовой состав МСС'!#REF!,"скб") -> #REF! | N10: =M10-L10 -> #REF!
A11: ИТОГО | B11: =SUM(B3:B10) -> #REF! | D11: =SUM(D3:D10) -> 51 | E11: =SUM(E3:E10) -> #REF! | F11: =SUM(F3:F10) -> #REF! | G11: =SUM(G3:G10) -> 66 | H11: =SUM(H3:H10) -> #REF! | I11: =SUM(I3:I10) -> #REF! | J11: =SUM(J3:J10) -> #REF! | K11: =SUM(K3:K10) -> #REF! | ... N11: =SUM(N3:N10) -> #REF!
A12: Средний возраст | E12: 12.6 | H12: 30 | I12: 21.3 | J12: 28.7 | M12: 15.4
